{
    "First column":{
        "25%":-1.2470386925,
        "50%":-0.4162433767,
        "75%":0.1799426841,
        "count":6.0,
        "freq":null,
        "max":0.5271122589,
        "mean":-0.5009940002,
        "min":-1.5552904133,
        "std":0.8839385203,
        "top":null,
        "unique":null
    },
    "two":{
        "25%":-0.1450956292,
        "50%":0.1243694649,
        "75%":0.3991147676,
        "count":5.0,
        "freq":null,
        "max":2.5843478477,
        "mean":0.4542844057,
        "min":-0.6913144223,
        "std":1.2570512047,
        "top":null,
        "unique":null
    },
    "three":{
        "25%":-0.3826905382,
        "50%":-0.265026075,
        "75%":-0.0755092624,
        "count":6.0,
        "freq":null,
        "max":1.4611100361,
        "mean":-0.0460760169,
        "min":-0.7732649697,
        "std":0.779574609,
        "top":null,
        "unique":null
    },
    "SOME;NAME":{
        "25%":2.0,
        "50%":4.0,
        "75%":5.0,
        "count":7.0,
        "freq":null,
        "max":9.0,
        "mean":4.1428571429,
        "min":2.0,
        "std":2.5448360411,
        "top":null,
        "unique":null
    },
    "five":{
        "25%":null,
        "50%":null,
        "75%":null,
        "count":7,
        "freq":3,
        "max":null,
        "mean":null,
        "min":null,
        "std":null,
        "top":"red",
        "unique":3
    },
    "What is this even?":{
        "25%":null,
        "50%":null,
        "75%":null,
        "count":7,
        "freq":3,
        "max":null,
        "mean":null,
        "min":null,
        "std":null,
        "top":"good",
        "unique":3
    },
    "seven":{
        "25%":null,
        "50%":null,
        "75%":null,
        "count":7,
        "freq":1,
        "max":null,
        "mean":null,
        "min":null,
        "std":null,
        "top":"quarrelsome",
        "unique":7
    },
    "eight":{
        "25%":null,
        "50%":null,
        "75%":null,
        "count":7,
        "freq":1,
        "max":null,
        "mean":null,
        "min":null,
        "std":null,
        "top":"2016-05-26 09:33:42",
        "unique":7
    }
}